{"assetType":"edge","uniqueID":"f47f4a863d984edcbde02e40a4602e2a","rootFolder":"edge.flow_team_f47f4a863d984edcbde02e40a4602e2a_export","projectAlias":"pkg_f47f4a863d984edcbde02e40a4602e2a_exported","services":[{"serviceFullName":"edge.flow_team_f47f4a863d984edcbde02e40a4602e2a_export.integrations:versionHistory","name":"versionHistory","edgeServer":{"id":"default","group":"default","name":"Default (Cloud)"},"referenced":{"type":"flow","name":"versionHistory","nsName":"edge.flow_team_f47f4a863d984edcbde02e40a4602e2a_export.integrations:versionHistory","resolved":false,"operation":null,"reference":[],"referencedBy":null}}]}